Username,Comment,Rating,Time,IdProduct
channdayo,"Ngá»“i canh 12h Ä‘Ãªm nhÆ°ng ko cÃ³ mÃ u há»“ng. MÃ¬nh rÃ¡ng canh tá»›i chiá»u tháº¥y lÃªn Ä‘Æ°á»£c 1 cÃ¡i chá»¥p mua liá»n luÃ´n ğŸ¤£ GiÃ¡ 22tr5 cÅ©ng á»•n nhÆ°ng ko báº±ng lÃºc 12h Ä‘Ãªm cÃ³ 21tr hÃ . Há»“ng pastel xinh láº¯m, ko nháº¡t, ko quÃ¡ Ä‘áº­m. Giao tá»« HN cáº£ tuáº§n má»›i tá»›i HCM. ÄÃ³ng gÃ³i kÄ©.",5,2022-01-03 15:01:57,10753341705
thuylinh831998,"ÄÃ³ng gÃ³i ká»¹, nguyÃªn seal, cÃ³ 3 tem cá»§a FPT. HÃ ng VN/A, tháº¥y cÃ¡c báº¡n tÆ° váº¥n nhiá»‡t tÃ¬nh chá»© k nhÆ° nhiá»u ngÆ°á»i báº£o k reply.",5,2022-01-07 15:24:48,10753341705
lynlykit,"Äiá»‡n thoáº¡i chÃ­nh hÃ£ng mua sÄƒn sale giÃ¡ ráº» cÃ²n 21tr5, giao nhanh láº¯m luÃ´n, mua Ä‘t trÃªn shopee nhiá»u láº§n quen luÃ´n.",5,2022-01-07 20:14:19,10753341705
o*****1,"Shop Ä‘Ã³ng gÃ³i hÃ ng cáº©n tháº­n, má»›i dÃ¹ng tháº¥y khÃ¡ ok. Mong sáº£n pháº©m tá»‘t",5,2022-01-03 14:19:46,10753341705
d*****4,"Shop Ä‘Ã³ng gÃ³i ká»¹, giao hÃ ng hÆ¡i lÃ¢u. Cháº¥t lÆ°á»£ng sáº£n pháº©m á»•n. Thanks shop, thanks shopee",5,2022-01-01 08:40:51,10753341705
hey1101,"Láº§n Ä‘áº§u mua Ä‘á»“ Ä‘iá»‡n tá»­ trÃªn shopee, cÅ©ng hÆ¡n rÃ©n. NhÆ°ng nháº­n Ä‘Æ°á»£c hÃ ng khÃ¡ ok áº¡",5,2022-01-07 13:34:34,10753341705
hao.ng,"Tráº£ tiá»n nháº­n táº¡i Door nhÆ°ng pháº£i ghÃ© BÆ°u cá»¥c láº¥y. VÃ¬ bÃªn VC nÃ³i lÃ  ""Rule"" vÃ  bÆ°u cá»¥c má»›i cÃ³ camera Ä‘á»ƒ Ä‘á»“ng kiá»ƒm. CÅ©ng may lÃ  mua  Ä‘iá»‡n thoáº¡i. Mua iMac khÃ´ng biáº¿t chá»Ÿ kiá»ƒu gÃ¬.",2,2021-12-15 15:01:17,10753341705
nduchuy2511,Shopee mall hÃ ng pháº£i cháº¥t rá»“i,5,2021-11-25 14:02:36,10753341705
linhminho123,GiÃ¡ tá»‘t so vs thá»‹ trÆ°á»ng giao hÃ ng cÅ©ng khÃ¡ nha,5,2021-11-26 23:09:23,10753341705
t*****u,"Shipper thÃ¢n thiá»‡n cáº©n tháº­n, hÃ ng chuáº©n ko bá»ƒ vá»¡ gÃ¬ háº¿t tá»« há»™p tá»›i tem tá»›i Ä‘t. SiÃªu Æ°ng vÃ¬ mua Ä‘c giÃ¡ tá»‘t. Ship cÅ©ng nhanh nha tá»« 11/11 tá»›i g 4 ngÃ y ká»ƒ cáº£ cuá»‘i tuáº§n. MÃ u há»“ng sang cháº£nh Ä‘áº¹p xá»‰u",5,2021-11-15 00:09:54,10753341705
quotvinh,"Pháº£n há»“i chat ráº¥t lÃ¢u, nhÆ°ng cÅ©ng táº­n tÃ¬nh, ship tá»« HN tá»›i SG cÅ©ng nhanh, shop uy tÃ­n, hÃ ng Ä‘Ãºng cháº¥t lÆ°á»£ng",4,2021-11-15 18:11:05,10753341705
huongnguyen1111111111,"Cháº¥t lÆ°á»£ng sp ok, nhÆ°ng giao hÃ ng quÃ¡ lÃ¢u,  
HÆ¡n cáº£ tuáº§n .  Háº¿t luÃ´n cáº£ hot.",5,2021-11-18 10:28:47,10753341705
nhatanh213,"HÃ¬nh áº£nh mang tÃ­nh cháº¥t nháº­n xu
Giao hÃ ng nhÃ¢n, cÃ²n nguyÃªn seal FPT. ChÆ°a cÃ³ lá»—i láº§m gÃ¬.",5,2021-12-23 08:36:07,10753341705
miki90,"ÄÃ£ test sáº£n pháº©m qua máº¥y ngÃ y, xÃ i ráº¥t ok. Sáº£n pháº©m cÃ²n nguyÃªn tem vÃ  active Ä‘Ãºng ngÃ y má»Ÿ mÃ¡y. Tiáº¿c lÃ  khÃ´ng cÃ³ mÃ u hÃ´ng :)",5,2021-12-19 18:05:50,10753341705
kb.gl,"KhÃ´ng chá»‰ lÃ  má»™t trong nhá»¯ng cÃ¡ch Ä‘Æ¡n giáº£n Ä‘á»ƒ kiáº¿m Shopee xu, viá»‡c Ä‘Ã¡nh giÃ¡ sáº£n pháº©m vÃ  nhÃ  bÃ¡n hÃ ng sau khi mua hÃ ng trÃªn Shopee cÃ²n giÃºp shop cáº£i thiá»‡n dá»‹ch vá»¥, sáº£n pháº©m. Äá»“ng thá»i cÅ©ng giÃºp cá»™ng Ä‘á»“ng nhá»¯ng ngÆ°á»i mua hÃ ng trÃªn Shopee cÃ³ thá»ƒ lá»±a chá»n Ä‘Æ°á»£c nhá»¯ng sáº£n pháº©m tá»‘t vÃ  cá»­a hÃ ng uy tÃ­n.",5,2021-12-02 23:03:36,10753341705
hy_tran,"MÃ¡y Ä‘áº¹p nguyÃªn siÃªu hÃ i lÃ²ng vá» sáº£n pháº©m,tháº¥t vá»ng bÃªn giao hÃ ng quÃ¡ cháº­m",5,2021-11-26 12:56:47,10753341705
l*****i,"Láº§n Ä‘áº§u tiÃªn mua Ä‘t trÃªn shopee
Mua sÃ¡ng sá»›m 19 Ä‘c giÃ¡ qÃ¡ Ä‘áº¹p 21990k Ã¡p mÃ£ 30k vÃ  shopee xu nÃªn tÃ­nh ra mua Ä‘t 21903k qÃ¡ Ä‘Ã£. Chiá»u 20 lÃ  Ä‘c nháº­n Ä‘t rá»“i qÃ¡ nhanh.
GÃ³i hÃ ng, niÃªm phong ráº¥t kÄ© nÃªn k sá»£ bá»‹ trÃ¡o hÃ ng
Ã€ sáº¯m con á»‘p nÃ y dÃ¹ng cÅ©ng thÃ­ch láº¯m nÃ¨ cÅ©ng mua trÃªn shopee luÃ´n",5,2021-11-25 14:51:39,10753341705
h*****4,Vá»›i giÃ¡ 22tr cÅ©ng lÃ  tá»‘t so vá»›i thá»‹ trÆ°á»ng. CÅ©ng gá»i lÃ  sÄƒn sale 11/11 thÃ nh cÃ´ng. Anh ship J&T dáº·n dÃ² cáº©n tháº­n. HÃ ng chÃ­nh hÃ£ng nguyÃªn seal. Tá»± active cáº£m nháº­n mÃ¡y lÆ°á»›t khÃ¡ mÆ°á»£t vÃ  cáº§m sang tay láº¯m. Cáº£m Æ¡n Apple Flagship vÃ  Shopee Ä‘Ã£ trá»£ giÃ¡ ráº¥t tá»‘t ğŸ¥°,5,2021-11-17 12:34:38,10753341705
2concuahihi,"bcdnndndndndndndndndn giao hÃ ng hÆ¡i lÃ¢u chÃºt nha mng, ios 15 lá»—i ná»¯a up lÃªn 15.2 oke",5,2022-01-01 08:10:10,10753341705
mannhioo,"MÃ¬nh Ä‘Ã£ mua Ä‘t, airpods vs cá»‘c sáº¡c cá»§a shop, giao hÃ ng uy tÃ­n, Ä‘Ã³ng gÃ³i cháº¯c cháº¯c. MÃ¬nh sáº½ cÃ²n á»§ng há»™ shop. Ip mÃ u há»“ng ráº¥t xinh !!!",5,2022-01-07 16:33:46,10753341705
hunterval,Ngon lÃ nh cÃ nh Ä‘Ã o nha mn. Chá»‰ cÃ³ cÃ¡i ko mua Ä‘c mÃ u há»“ng. Giao tá»« hn vÃ o tphcm máº¥t táº§m 4 ngÃ y,5,2021-12-19 19:18:36,10753341705
wasabiriver,"Cháº¥t lÆ°á»£ng sáº£n pháº©m tuyá»‡t vá»i, nhanh mÆ°á»£t, cáº§m cháº¯c cháº¯n vá»«a tay. váº­n chuyá»ƒn nhanh chÃ³ng, Ä‘Æ°á»£c giÃ¡ khuyáº¿n mÃ£i 11.11 nÃªn quÃ¡ ngon.",5,2021-11-27 15:26:31,10753341705
tuana8,"Ä‘Ã³ng gÃ³i cáº©n tháº­n, giao hÃ ng nhanh, Ä‘áº·t hÃ´m trÆ°á»›c, ngÃ y hÃ´m sau Ä‘Ã£ giao, tá»± bÃ³c seal vÃ  kÃ­ch hoáº¡t ngon lÃ nh ğŸ˜€ğŸ˜ƒğŸ˜„",5,2021-11-28 11:50:09,10753341705
f*****w,"HÃ ng chÃ­nh hÃ£ng VN/A, tÆ° váº¥n nhiá»‡t tÃ¬nh, Ä‘Ã³ng gÃ³i cáº©n tháº­n, giao hÃ ng ráº¥t nhanh. Táº·ng shop 5 sao",5,2021-11-23 08:37:40,10753341705
jellypean,"Äiá»‡n thoáº¡i cÃ³ dÃ¡n tem FPT, giao hÃ ng hÆ¡i lÃ¢u",5,2021-11-18 21:13:08,10753341705
hoapham061198,Äang dÃ¹ng Ä‘t má»›i mua Ä‘á»ƒ Ä‘Ã¡nh giÃ¡ luÃ´n nÃ¨,5,2022-01-06 21:47:53,10753341705
dinknguyen211,"Giao hÃ ng hÆ¡i lÃ¢u, máº§y 5 ngÃ y tá»« Sg Ä‘i HN",4,2022-01-07 09:51:30,10753341705
chibow13,,5,2021-12-25 11:35:53,10753341705
anhngduc,,5,2021-12-21 08:21:56,10753341705
hieptq11,,5,2021-12-18 14:30:38,10753341705
trinhphann,"MÃ¬nh mua táº·ng nÃªn ko cÃ³ clip unbox, nhÆ°ng Ä‘t ráº¥t okie nha, nguyÃªn seal, hoÃ¡ Ä‘Æ¡n nháº­n cÅ©ng khÃ¡ nhanh, giao hÃ ng cÅ©ng nhanh ná»¯a",5,2021-12-21 23:10:40,10753341705
nvruon,Sáº£n pháº©m ok sÄƒn sale  ngÃ y 12 thÃ¡ng 12 nÄƒm 2021 vá»›i giÃ¡ hai mÆ°Æ¡i hai triá»‡u cÅ©ng cháºµn cháºµn á»•n á»•n ok,5,2021-12-21 23:56:05,10753341705
quantran19992000,HÆ¡i trá»¥c tráº·c giao hÃ ng má»™t chÃºt nhÆ°ng hÃ ng chuáº©n Ä‘áº¹p. TÆ°Æ¡ng lai tiáº¿p tá»¥c  á»§ng há»™ shop,5,2021-12-19 11:13:18,10753341705
khanhchihk,Sau 1 tuáº§n dÃ¹ng mÃ¬nh tháº¥y ok. Sp phÃ¢n phá»‘i chÄ©nh hÃ£ng nÃªn cÅ©ng khÃ¡ yÃªn tÃ¢m. Ship máº¥t 4 hÃ´m. MÃ¬nh mua hÃ ng giÃ¡ trá»‹ cao nÃªn cÅ©ng hÆ¡i rÃ©n.,5,2021-12-22 21:46:54,10753341705
nhungviolet275,HÃ ng chuáº©n khÃ´ng cÃ³ gÃ¬ bÃ n cÃ£i. Má»—i tá»™i Ä‘á»£i hÃ ng hÆ¡i sá»‘t ruá»™t. Shop Ä‘Ã³ng hÃ ng cáº©n tháº­n.,5,2021-12-22 07:21:36,10753341705
t*****3,Láº§n Ä‘áº§u mua Ä‘á»“ Ä‘iá»‡n tá»­ trÃªn shopee mÃ  Æ°ng quÃ¡ trğŸ¥³ğŸ¥³ğŸ¥³ğŸ¥³ğŸ¥³ğŸ¥³ğŸ¥³ğŸ¥³ğŸ¥³ğŸ¥³ğŸ¥³ğŸ¥³ğŸ¥³,5,2021-12-18 21:06:54,10753341705
c*****y,"HÃ ng giao nhanh láº¯m, Ä‘Ã³ng gÃ³i cáº©n tháº­n, mÃ u há»“ng xinh xá»‰u lun Ã­",5,2022-01-03 14:49:12,10753341705
quin.nhuu,"láº§n Ä‘áº§u Ä‘áº·t Ä‘á»“ máº¯c tiá»n trÃªn shopee nÃªn cÅ©ng hÆ¡i lo mÃ  vá» thÃ¬ sáº£n pháº©m ráº¥t tá»‘t, nhÃ¬n thÃ¬ khÃ´ng tháº¥y nhÃ£n fpt nhÆ° máº¥y báº¡n Ä‘Ã¡nh giÃ¡ trÃªn mÃ  shopee mall nÃªn cÅ©ng yÃªn tÃ¢m, giao hÃ ng hÆ¡i cháº­m tá»« hn vá» báº¿n tre táº¡n 7 ngÃ y",5,2022-01-08 08:59:23,10753341705
k*****5,"Giao hÃ ng lÃ¢u. HÃ ng chÃ­nh hÃ£ng nhÆ°ng k sÄƒn Ä‘c giÃ¡ tá»‘t
Huá»¥hu kkkk",5,2021-12-23 08:37:17,10753341705
hothuy79911810,"Chuáº©n bá»‹ hÃ ng vÃ  giao lÃ¢u
HÃ ng mall nÃªn khÃ¡ yÃªn tÃ¢m
Dbcnncmcncmncccncnnc",5,2021-12-26 12:07:18,10753341705
bichngoc305,Ip mÃ u há»“ng Ä‘Ãºng lÃ  k lÃ m mÃ¬nh tháº¥t vá»ng sÄƒn máº¥y hÃ´m má»›i báº¯t Ä‘c e nÃ³ . Shop Ä‘Ã³ng gÃ³i hÃ ng cáº©n tháº­n mÃ¡y cÃ³ tem niÃªm phong cá»§a fpt má»›i dÃ¹ng tháº¥y cÅ©ng OK nhÆ°ng báº¡n ship hÃ ng ngá»™ ghÃª. Äiá»‡n thoáº¡i máº¥y chá»¥c triá»‡u mÃ  ko giao táº­n tay khÃ¡ch Ä‘á»‹nh vá»©t hÃ ng dÆ°á»›i sáº£nh chung cÆ° cho mÃ¬nh chá»©. Shop gá»­i mÃ¬nh hÄ‘ Ä‘t Ä‘i,5,2021-12-19 11:18:58,10753341705
nhanduyanh,"Láº§n thá»© 2 mua, shop mall nÃªn yÃªn tÃ¢m. Canh 12/12 mua Ä‘á»ƒ giáº£m thÃ¬ khÃ´ng cÃ³ mÃ u mong muá»‘n. Qua ngÃ y thÆ°á»ng thÃ¬ giÃ¡ cÅ©ng y váº­y mÃ  cÃ³ Ä‘á»§ mÃ u giÃ¡ cÅ©ng 22tr. Ai muá»‘n lá»±a mÃ u thÃ¬ chá»‹u khÃ³ theo dÃµi giÃ¡ giáº£m rá»“i mua thÃ´i khÃ´ng cáº§n pháº£i vÃ o ngÃ y Flash sale cá»§a thÃ¡ng.",5,2021-12-24 08:40:33,10753341705
t*****2,"lÃ  1 trong ráº¥t Ã­t ngÆ°á»i Ä‘áº·t hÃ ng iphone Ä‘á»£t Ä‘áº§u mÃ  Ä‘Ã£ nháº­n Ä‘c hÃ ng 
nÃ³i chung lÃ  ngon lÃ nh
cÆ¡ mÃ  shop xuáº¥t cho e cÃ¡i hÃ³a Ä‘Æ¡n Ä‘iá»‡n tá»­ Ä‘i áº¡",5,2021-10-28 02:53:16,10753341705
phantiendat1984,Giao hÃ ng nhanh. SÄƒn dc voucher giáº£m giÃ¡ khÃ¡ tá»‘t. HÃ ng chÃ­nh hÃ£ng VN/A. Ráº¥t hÃ i lÃ²ng,5,2021-10-26 21:17:29,10753341705
kimhong161100,,5,2021-12-03 10:19:13,10753341705
nvruon,"Mua chiáº¿c lÃ  chiáº¿c thá»© 2. Váº«n cháº¥t lÆ°á»£ng nhÆ° váº­y. Dá»± sáº½ sÄƒn tá»›i airpod há»‹ihi. Iphone 13 128G, Ä‘Æ°á»£c giá»›i thiáº¿u quÃ¡ á»•n",5,2021-12-25 16:55:51,10753341705
t*****g,Ship nhanh - giÃ¡ tá»‘t mÃ  quÃªn máº¥t máº¥y hÃ´m sau black friday cÃ³ giÃ¡ tá»‘t hÆ¡n :( nÃ³i chung mua á»Ÿ Ä‘Ã¢y 12 -13 Ä‘á»u ok,5,2021-12-08 09:41:44,10753341705
tonytong93,"MUa ip vá»›i watch thÃ¬ bá»‹ lá»—i cÃ¡i watch,shop nt rep lÃ¢u,,,,,,,,,,,",3,2021-12-07 18:54:36,10753341705
botmun33,"Sáº£n pháº©m ok 
Ráº¥t Ä‘áº¹p
MÃ  bh ko biáº¿t sao
â˜ºï¸â˜ºï¸â˜ºï¸â˜ºï¸â˜ºï¸â˜ºï¸â˜ºï¸ğŸğŸğŸğŸğŸğŸğŸğŸğŸğŸğŸğŸğŸğŸğŸğŸ",5,2021-11-23 16:54:02,10753341705
n*****y,cháº¥t lÆ°á»£ng sáº£n pháº©m tuá»µte vá»i mÃ u lÃªn Ä‘Ãºngvys nÃ³i chung lÃ  okokok,5,2021-11-23 20:21:22,10753341705
d*****2,HÃ ng chÃ­nh hÃ£ng nguyÃªn seal. Má»›i dÃ¹ng nÃªn chÆ°a tháº¥y cÃ³ váº¥n Ä‘áº¿ gÃ¬. NhÆ°ng mÃ  shop gá»­i cho em hoÃ¡ Ä‘Æ¡n Ä‘iá»‡n tá»­ Ä‘i áº¡,5,2021-11-15 23:16:04,10753341705
t*****8,"Äiá»‡n thoáº¡i Ä‘áº¹p
Äiá»‡n thoáº¡i hiá»‡n Ä‘áº¡i
Äiá»‡n thoáº¡i dÃ¹ng tá»‘t
Cháº¥t liá»‡u tá»‘t
Sáº£n pháº©m Ä‘Ãºng theo yÃªu cáº§u Ä‘á» ra
MÃ u Ä‘iá»‡n thoáº¡i Ä‘áº¹p á»‘p Ä‘áº¹p
HÃ¬nh cÃ¡c chi tiáº¿t Ä‘áº¹p",5,2021-11-16 17:53:22,10753341705
sweetgirl214,Cháº¥t lÆ°á»£ng tuyá»‡t vá»i lun mÃ u há»“ng Ä‘Ãºng Ä‘á»‰nh luÃ´n áº¡ mua Ä‘i má»i ngá»«i,5,2021-11-15 15:39:41,10753341705
h*****5,"Nháº­n Ä‘Æ°á»£c hÃ ng trong vÃ²ng 24h ká»ƒ tá»« lÃºc Ä‘áº·t, hÃ ng hot nÃªn hÃªn má»›i mua ká»‹p, nháº¥t lÃ  mÃ u há»“ng nÃ y, cÃ´ng nháº­n dÃ¢n mÃ¬nh giÃ u quÃ¡ ğŸ˜€.
ÄÃ£ má»Ÿ lÃªn vÃ  tá»± Ä‘á»™ng kÃ­ch hoáº¡t báº£o hÃ nh khÃ´ng gáº·p váº¥n Ä‘á» gÃ¬, mÃ¡y Ä‘áº¹p, mÆ°á»£t mÃ .
GiÃ¡ mÃ¬nh mua sale lÃ  20990k, náº¿u ai cÃ³ tháº» tÃ­n dá»¥ng giáº£m thÃªm 2tr ná»¯a.",5,2021-10-23 13:12:20,10753341705
nicholasnguyen251,"HÃ ng chÃ­nh hÃ£ng, giao hÃ ng nhanh. Máº¥y báº¡n kinh  doanh lÃ m giÃ¡ quÃ¡ tá»‘t so vá»›i thá»‹ trÆ°á»ng",5,2021-10-23 13:18:47,10753341705
giang_vu19,"HÃ ng chÃ­nh hÃ£ng, gá»­i hoÃ¡ Ä‘Æ¡n Ä‘iá»‡n tá»­ nhanh chÃ³ng, thÃ­ch láº¯m áº¡â€¦.",5,2021-11-25 21:28:34,10753341705
phuc02101985,QuÃ¡ Ä‘áº¹p,5,2021-12-30 19:29:11,10753341705
nhieppeter1997,,5,2021-12-29 18:58:13,10753341705
nguyenhoangbaotho,,5,2021-12-17 14:11:06,10753341705
vimom1911,"Äáº¹p , giao hÃ ng ráº¥t cháº­m",4,2021-12-20 14:22:30,10753341705
halaycomet89,,5,2021-12-18 21:17:55,10753341705
t*****1,,5,2021-12-17 21:27:49,10753341705
huydinh39,,5,2021-12-18 12:49:08,10753341705
q*****3,,5,2021-12-17 11:14:12,10753341705
hong_hanh_2002,,5,2021-12-19 17:22:41,10753341705
ladostore.96,,5,2021-12-20 16:55:46,10753341705
cuongree,,5,2021-12-16 22:29:59,10753341705
anvat_teetee,"HÃ ng chÃ­nh hÃ£ng, sÄƒn sale ngon",5,2021-12-18 18:39:19,10753341705
n*****3,,5,2021-12-17 20:19:19,10753341705
historesg,,5,2021-12-03 14:41:14,10753341705
ca_com,,5,2021-11-25 07:31:27,10753341705
tuan0966388496,,5,2021-12-05 20:37:41,10753341705
thuanem111112,,5,2021-11-23 13:31:39,10753341705
doitoilavang,,5,2021-11-18 13:40:43,10753341705
huyle22121993,Sáº£n pháº©m ok,5,2021-11-22 13:11:09,10753341705
ngochan18111999,,5,2021-11-17 11:28:58,10753341705
meoo02,giao hÃ ng nhanhhh ğŸ‘ŒğŸ˜’ğŸŒğŸ˜’ğŸŒğŸ˜’ğŸ’•ğŸŒğŸ¥°ğŸ¥°ğŸ¥°ğŸ™ˆğŸ™ˆğŸ™ˆğŸŒğŸŒğŸ™ˆğŸŒğŸŒğŸ¥°ğŸ¥°â¤ï¸â¤ï¸â¤ï¸ğŸŒğŸŒğŸ™ˆğŸŒğŸ™ˆğŸŒğŸŒğŸŒğŸŒ,5,2021-11-20 16:32:37,10753341705
lxt1992,,5,2021-11-16 21:56:10,10753341705
nguyentangphat2019,,5,2021-11-09 22:41:16,10753341705
binhtran89,,5,2021-10-28 15:54:14,10753341705
_4wncs_dg3,,5,2021-11-06 12:16:57,10753341705
trung0585797997,"Chuáº©n, Ä‘áº¹p, giao hÃ ng ok",5,2021-11-01 14:59:54,10753341705
meyeu643,,5,2021-11-03 15:46:07,10753341705
chitranle0000,,5,2021-10-31 07:20:23,10753341705
khoalanh2003,,5,2021-11-29 14:40:40,10753341705
mcnguyen7777,,5,2021-11-26 01:29:27,10753341705
tuyengv1992,,5,2021-11-22 10:48:41,10753341705
trangthuytruong1234,,5,2021-11-22 20:41:39,10753341705
hangbaggy,,5,2021-11-21 16:35:42,10753341705
b*****5,Giao hÃ ng ráº¥t lÃ¢u,4,2021-11-16 13:28:28,10753341705
hienhpline,,5,2021-11-08 21:47:51,10753341705
nhan0903744122,,5,2021-11-15 17:23:15,10753341705
m*****2,HahahahaahahahhhhhhaaÄƒaaaaaaaaaaaaaaaaaaaaaaaaaaaaaaaaaaa,5,2021-11-16 20:14:23,10753341705
buithanhphuong_54448,TÃ´i hÃ i lÃ²ng vá»›i sp nÃ y,5,2021-11-15 06:48:39,10753341705
maingocnguyenthi23,Cáº£m Æ¡n shop. Äáº¹p láº¯m áº¡ ğŸ˜ƒğŸ˜ƒğŸ˜ƒğŸ˜ƒğŸ˜ƒğŸ˜ƒğŸ˜ƒğŸ˜ƒğŸ˜ƒğŸ˜ƒğŸ˜ƒğŸ˜ƒğŸ˜ƒğŸ˜ƒğŸ˜ƒğŸ˜ƒğŸ˜ƒğŸ˜ƒğŸ˜ƒğŸ˜ƒğŸ˜ƒğŸ˜ƒğŸ˜ƒğŸ˜ƒğŸ˜ƒğŸ˜ƒğŸ˜ƒğŸ˜ƒğŸ˜ƒğŸ˜ƒğŸ˜ƒğŸ‘„ğŸ‘„,5,2021-11-15 20:54:50,10753341705
tipawxuvzs,,5,2021-11-14 14:04:27,10753341705
mainguyenafv,Sáº£n pháº©m ok,5,2021-10-28 22:42:17,10753341705
caosamac512,Perfect.,5,2021-10-29 00:54:18,10753341705
ihzkma3tua,,5,2021-10-27 21:46:50,10753341705
quocanmay,,5,2021-10-27 17:44:30,10753341705
s*****3,"MÃ u silver hÆ¡i bá»‹ Ä‘áº¹p nhÃ© cÃ¡c nÃ ng. LÃºc Ä‘áº·t hÃ ng tháº¥y shop á»Ÿ tphcm nhÆ°ng khi shop set kho láº¥y thÃ¬ táº­n hnoi nÃªn ráº¥t lÃ¢u, shop giao hÆ¡i lÃ¢u, nhÃ¢n viÃªn tÆ° váº¥n ok, cÃ³ gá»Ÿi hÄ‘ Ä‘iá»‡n tá»­ trong mail, yÃªn tÃ¢m hÃ ng chÃ­nh hÃ£ng nhÃ© mn. Sau nÃ y sáº½ mua thÃªm náº¿u giÃ¡ tá»‘t",5,2021-12-28 13:45:35,9994458817
quyenho99,"Giao hÃ ng nhanh chÃ³ng, gÃ³i hÃ ng kÄ©, hÃ ng cháº¥t lÆ°á»£ng, iphone Ä‘áº¹p",5,2022-01-03 11:09:47,9994458817
p*****9,"MÃ¡y Ä‘áº¹p. Hiá»‡n táº¡i á»•n chÆ°a cÃ³ gÃ¬ phÃ n nÃ n vá» mÃ¡y. MÃ¬nh tháº¯c máº¯c lÃ  há»™p ko tháº¥y tem niÃªm phong cá»§a FPT nhÆ° má»™t sá»‘ Ä‘Ã¡nh giÃ¡ khÃ¡c, nÃ y mÃ¬nh cÅ©ng ko rÃ nh, tuy nhiÃªn seal Ä‘áº·c trÆ°ng cá»§a apple thÃ¬ cÃ²n nguyÃªn nÃªn cÅ©ng yÃªn tÃ¢m. MÃ¬nh Ä‘Ã£ nháº­n Ä‘c hoÃ¡ Ä‘Æ¡n Ä‘iá»‡n tá»­ rá»“i cáº£m Æ¡n shop.",5,2021-12-25 22:23:54,9994458817
lindsie,"Thá»i gian giao hÃ ng nhanh, mÃ u siÃªu Ä‘áº¹p ráº¥t Ä‘Ã¡ng tiá»n mua sale nÃªn giÃ¡ há»i.",5,2021-12-18 21:01:31,9994458817
t*****c,á» HÃ  Ná»™i Ä‘áº·t hÃ´m trÆ°á»›c hÃ´m sau Ä‘Ã£ nháº­n Ä‘Æ°á»£c rá»“i. Cháº¯c do mÃ u nÃ y luÃ´n sáºµn hay sao Ã½. Æ¯ng Ã½ nhaaa,5,2021-11-28 19:08:53,9994458817
nuochoa365,"Ship nhanh kinh khá»§ng khÃ´ng pháº£i chá», cÃ²n Ä‘Æ°á»£c tráº£ gÃ³p : )))) quÃ¡ tuyá»‡t vá»i Ä‘á»‰nh kout!",5,2021-11-07 23:12:49,9994458817
quang.nhutly90,Giao hÃ ng hÆ¡i cháº­m xÃ­u nhÆ°ng hÃ ng cháº¥t lÆ°á»£ng. 5 sao.,5,2021-11-03 15:48:18,9994458817
hoaitien1992,"HÃ ng chÃ­nh hÃ£ng, nguyÃªn seal giao nhanh vÃ  má»›i 100% cáº£m Æ¡n shopee Ä‘Ã£ mang Ä‘áº¿n tráº£i nghiá»‡m tuyá»‡t vá»i cho mÃ¬nh. Cáº£m Æ¡n J&T Express giao nhanh, an toÃ n vÃ  cáº©n tháº­n.",5,2021-10-27 17:57:53,9994458817
h*****f,"Giao hang nhanh,
Pack hang lau.
Mua 22 ma 27 moi nhan duoc
Chan
Chan
Chan",5,2021-10-27 23:20:20,9994458817
p*****6,"Äáº·t 22/10 Ä‘áº¿n chiá»u 23/10 lÃ  cÃ³ hÃ ng rá»“i. HÃ ng chÃ­nh hÃ£ng, quy trÃ¬nh giao hÃ ng riÃªng biá»‡t Ä‘á»ƒ Ä‘áº£m báº£o an toÃ n vÃ  Ä‘Ãºng sáº£n pháº©m.",5,2021-10-25 08:56:21,9994458817
hoaitien1992,HÃ ng chÃ­nh hÃ£ng. NguyÃªn seal. Xá»‹n xÃ² vÃ  giao cá»±c nhanh. MÃ£i yÃªu shopee. Amazing!!!!! Good Job!!!!!,5,2021-10-24 21:35:10,9994458817
lucyngo88,Thá»i gian váº­n chuyá»ƒn tá»« SG ra HN ráº¥t nhanh. MÃ¬nh ráº¥t hÃ i lÃ²ng :â€),5,2021-10-26 22:44:05,9994458817
rmej889niy,"HÃ ng chÃ­nh hÃ£ng, nguyÃªn seal giao nhanh vÃ  má»›i 100% cáº£m Æ¡n shopee Ä‘Ã£ mang Ä‘áº¿n tráº£i nghiá»‡m tuyá»‡t vá»i cho mÃ¬nh. Cáº£m Æ¡n J&T Express giao nhanh, an toÃ n vÃ  cáº©n tháº­n.",5,2021-10-26 12:59:26,9994458817
2*****6,"Mua shop mall nÃªn yÃªn tÃ¢m, giao hÃ ng cÃ²n nguyÃªn váº¹n, cÃ³ tem niÃªm phong kiá»‡n hÃ ng.",5,2021-10-23 16:41:36,9994458817
n*****7,"Shop Ä‘Ã³ng gÃ³i nhanh, nháº­n hÃ ng nhanh, hÃ ng xá»‹n sÃ² k pháº£i nghÄ© rá»“i",5,2021-10-24 01:05:07,9994458817
her.19,Xndkc xmaoajrbxu namebdkcicns dnzldicbzbakdjd xnskjdnd,5,2021-12-30 21:54:35,9994458817
maitrongnghia145,"ÄÃ³ng gÃ³i cáº©n tháº­n, mua máº¥y láº§n rá»“i. Ok láº¯m áº¡! Mua xong tháº¥y hÆ¡i bÃ© muá»‘n Ä‘á»•i sang promax ğŸ˜…. Ai cáº§n inbox Ã©p giÃ¡ áº¡ â¤ï¸",5,2022-01-02 21:53:40,9994458817
partykool,"NhÃ  a 3 Ä‘á»i dÃ¹ng iphone tá»›i Ä‘á»i anh thÃ¬ dÃ¹ng mÃ¡y cÅ©, cáº£m Æ¡n em My Ä‘Ã£ mang tá»›i cÃ¡i Ä‘iu ráº» tuá»™t quáº§n nÃ y ğŸ˜ğŸ˜",5,2021-10-31 10:11:18,9994458817
l*****t,"Giao hÃ ng siÃªu nhanh, mÃ¬nh Ä‘áº·t chiá»u 22/10 thÃ¬ chiá»u 23/10 nháº­n Ä‘Æ°á»£c hÃ ng. HÃ ng chÃ­nh hÃ£ng, giÃ¡ tá»‘t. SiÃªu Æ°ng nha â¤ï¸",5,2021-10-28 00:02:46,9994458817
quangmanb1,"HÃ ng Ä‘áº¹p xuáº¥t sáº¯c, ráº¥t hÃ i lÃ²ng tuy thá»i gian chuáº©n bá»‹ khÃ¡ lÃ¢u ah",5,2021-10-27 22:59:34,9994458817
phamhoang3644,ChÃ­nh hÃ£ng,5,2022-01-01 20:44:57,9994458817
yoorichan,"HÃ ng chá» hÆ¡i lÃ¢u xÃ­u, nhÆ°ng Ä‘Ã³ng gÃ³i cáº©n tháº­n. TÆ° váº¥n há»— trá»£ nhiá»‡t tÃ¬nh. MÃ¬nh kÃ­ch hoáº¡t báº£o hÃ nh nhÆ°ng mÃ£i k Ä‘Æ°á»£c. KhÃ´ng hiá»ƒu sao",5,2021-12-16 17:23:16,9994458817
kuxi0611,"Giao hÃ ng nhanh, nguyÃªn seal",5,2021-10-24 23:43:46,9994458817
kiotgiay,,5,2021-10-25 13:16:26,9994458817
t*****2,Xuáº¥t sáº¯cğŸ¥°ğŸ¥°,5,2021-10-25 00:10:02,9994458817
haiquang6485,"HoÃ n toÃ n hÃ i lÃ²ng, mÃ¡y ráº¥t Ä‘áº¹p, nguyÃªn seal hÃ ng VN/A",5,2021-10-24 08:12:16,9994458817
emilystarr,,5,2021-12-27 17:02:20,9994458817
yoorichan,,5,2021-12-22 10:23:58,9994458817
tranduduc,,5,2021-12-19 16:58:10,9994458817
trandungeib,,5,2021-12-18 23:03:21,9994458817
ttkglx,,5,2021-12-16 12:52:18,9994458817
jhauhanfti,,5,2021-11-15 08:35:54,9994458817
nduchuy2511,"Giao hÃ ng nhanh, 5 sao :)",5,2021-10-31 16:41:31,9994458817
rong9999,,5,2021-10-30 21:37:48,9994458817
dollahouse,,5,2021-10-27 17:18:09,9994458817
tdvcb3,,5,2021-11-07 18:26:09,9994458817
xitructrum,,5,2021-10-27 12:02:46,9994458817
vn6567_77222,,5,2021-10-27 10:48:01,9994458817
n*****1,,5,2021-10-27 21:21:57,9994458817
vuongnhe,,5,2021-10-24 02:33:50,9994458817
vducanh24,,5,2021-10-25 19:29:34,9994458817
93tkngshy7,,5,2021-11-02 17:15:01,9994458817
soncd6,,5,2021-10-23 13:39:03,9994458817
emxingbow,,5,2021-10-26 11:38:15,9994458817
cothicam1998,,5,2021-10-23 11:50:58,9994458817
jtl6hinz70,,5,2021-10-24 12:35:40,9994458817
hauphand_rw,,5,2021-10-23 11:52:31,9994458817
phan_huynh_bao,,5,2021-10-23 17:57:23,9994458817
tamkr_cosmetic,Shopee lá»«a Ä‘áº£o ah. Mua iphone 13 promax 34trnmaf giao cho mÃ¬nh 1 tÃºi nÆ°á»›c khÃ´ng. Gá»i Ä‘iá»‡n thÃ¬ sÄ‘t shop thuÃª bao. YÃªu cÃ¢ud shopee xá»­ lÃ½,1,2022-01-06 10:20:30,13017662822
romphutung,"Nháº­n hÃ ng ok. Active ok nha. ChÃ­nh hÃ£ng VN
Chá»‰ bá»‹ cÃ¡i lÆ°ng cÃ³ váº¿t tráº§y nhá» ko biáº¿t do gÃ¬. 
Váº«n 5 sao",5,2022-01-07 13:36:32,13017662822
p*****8,HÃ ng quÃ¡ chuáº©n giao siÃªu nhanh táº§m 3 ngÃ y cÃ³ hÃ ng luÃ´n nguyÃªn seal ráº¥t thÃ­ch,5,2022-01-01 22:55:45,13017662822
v*****d,"Cháº¥t lÆ°á»£ng ráº¥t tá»‘t, giao hÃ ng nhanh chá»‰ 4 ngÃ y, tuy nhiÃªn Ä‘á»£t nÃ y mÃ¬nh mua bá»‹ lá»—i do nsx xuáº¥t hiá»‡n 2 Ä‘á»‘m nhá» á»Ÿ máº·t lÆ°ng",5,2022-01-01 21:23:05,13017662822
cquandeptrai,HÃ ng Apple thÃ¬ khá»i pháº£i nÃ³i rá»“i. ÄÃ³ng gÃ³i cáº©n tháº­n. Giao cÅ©ng nhanh. Cáº£m Æ¡n Shop ráº¥t nhiá»u,5,2021-12-16 12:47:58,13017662822
quang3587,"MÃ£ VN má»›i nguyÃªn seal
Khuyáº¿t Ä‘iá»ƒm: ráº¥t Ã­t mÃ u xanh, Ä‘á»£i khuyáº¿n mÃ£i ráº¥t lÃ¢u lÃºc mua cÅ©ng ráº¥t khÃ³
Shop nÃªn láº¥y nhiá»u mÃ u xanh
Nhá»¯ng mÃ u khÃ¡c Ä‘á»«ng láº¥y máº¥t time cá»§a khÃ¡ch",5,2021-12-23 22:29:57,13017662822
t*****6,"Hang rÃ¢t bÃ©n, lÃ¢n Ä‘Ã¢u mua gia trá»‹ hÆ¡i á»›n, nhÆ°ng nháº­n hang thi ok, nguyÃªn seal nguÃªn kiá»‡n, má»i thá»© á»•n, 3 ngay nháº­n dc hang, tiáº¿c lÃ  apple bÃ¢y giÆ¡ hok Ä‘i kÃ¨m cá»¥c sáº¡c nÃªn pháº£i mua cá»‘c sáº¡c riÃªng láº» , báº¥m ok nháº­n hang va yÃªu cÃ¢u hoÃ¡ Ä‘Æ¡n Ä‘iá»‡n tá»­ vÃª email ráº¥t nhanh, mÆ°á»£t, má»i thá»© á»•n",5,2021-12-16 17:45:55,13017662822
van_cong_hau,"Sáº£n pháº©m cháº¥t lÆ°á»£ng, chuáº©n hÃ ng VN/A luÃ´n nha má»i ngÆ°á»i, giao hÃ ng nhanh, Ä‘Ã³ng gÃ³i cáº©n tháº­n, khÃ´ng bá»‹ mÃ³p mÃ©o khi nháº­n hÃ ng, uy tÃ­n nha mn, sÄƒn Ä‘c giÃ¡ ráº» hÆ¡n so vá»›i mua ngoÃ i cá»­a hÃ ng mÃ  láº¡i cÃ²n cÃ³ mÃ¡y liá»n k pháº£i Ä‘á»£i, 5 sao.",5,2021-12-21 10:48:29,13017662822
chi.chi_1994,Sáº£n pháº©m ráº¥t Ä‘áº¹p vÃ  cháº¥t lÆ°á»£ng tuyÃªth vá»i láº¯m nhe ğŸ¤£ğŸ¤£ğŸ¤£ğŸ¤£ğŸ˜“ğŸ¤£ğŸ¤£ğŸ¤£ğŸ¤£ğŸ¤£ğŸ¤£ğŸ¤£,5,2021-12-08 11:41:25,13017662822
nguyenkim892341,Cháº¥t lÆ°á»£ng sáº£n pháº©m tuyá»‡t vá»i giao hÃ ng nhanh. shop tÆ° váº¥n tá»‘t. sáº½ á»§ng há»™ láº§n sau. kdjdj,5,2021-11-28 16:07:35,13017662822
whitecat1996,"MÃ¡y ngon , giao hÃ ng nhanh chÃ³ng , shipper thÃ¢n thiá»‡n láº¯m má»i ngÆ°á»i áº¡.",5,2021-11-27 13:48:26,13017662822
hoainhihup264,"Chá»§ shop vui tÃ­nh, tÆ° váº¥n nhiá»‡t tÃ¬nh. ÄÃ³ng gÃ³i giao hÃ ng nhanh, Ä‘áº¹p. Sáº£n pháº©m tá»‘t. SÄƒn sale nÃªn giÃ¡ ráº¥t á»•n. CÃ¡m Æ¡n shop nhiá»u nhaa
Video vÃ  hÃ¬nh áº£nh mang tÃ­nh cháº¥t nháº­n xu.",5,2021-11-28 18:48:50,13017662822
trangnm93,"HÃ ng chÃ­nh hÃ£ng, mong nháº­n Ä‘Æ°á»£c hoÃ¡ Ä‘Æ¡n sá»›m. Äc  cÃ¡i hÃ ng cÃ³ sáºµn ko pháº£i chá» Ä‘á»£i lÃ¢u",5,2021-11-21 12:59:11,13017662822
cocowaterleo,"Äá»£t nÃ y shop giao nhanh hÆ¡n chÃºt so vá»›i máº¥y láº§n trÆ°á»›c, hÃ ng váº«n cháº¥t lÆ°á»£ng xÆ°a giá».",5,2021-11-25 20:55:34,13017662822
p*****_,Giao hÃ ng khÃ¡ lÃ¢u. SÄƒn Ä‘Æ°á»£c giÃ¡ há»i. Sau sáº½ á»§ng há»™ shop thÃªmâ€¦..,5,2021-11-22 11:29:56,13017662822
nguyenhan190399,"Láº§n Ä‘áº§u tiÃªn mua mÃ³n hÃ ng giÃ¡ trá»‹ trÃªn shopee. NhÆ°ng nháº­n Ä‘Æ°á»£c hÃ ng ráº¥t Æ°ng.
Tuy nhiÃªn thá»i gian lÃ¢u khÃ¡ cháº­m.
Nháº­n hÃ ng nguyÃªn váº¹n, Ä‘áº§y Ä‘á»§ hoÃ¡ Ä‘Æ¡n Ä‘iá»‡n tá»­. 
Ráº¥t tá»‘t.",5,2021-11-21 17:28:25,13017662822
h*****5,HÃ ng chuáº©n nháº¥t uy tÃ­n nÃªn lÃºc nÃ o cÅ©ng cho shop 5 sao luÃ´n hÃªhh,5,2021-12-01 14:02:54,13017662822
quang3587,"MÃ¡y má»›i nguyÃªn seal mÃ£ VN
SÄ‚N hÃ ng khuyáº¿n mÃ£i nÃªn giÃ¡ ok
HÆ¡i khÃ³ sÄƒn sá»‘ lÆ°á»£ng Ã­t
Tráº£ trÆ°á»›c qua tháº» tÃ­n dá»¥ng ná»¯a",5,2021-11-25 15:29:54,13017662822
m*****e,"Shop gÃ³i ká»¹, giao hÃ ng siÃªu nhanh, mÃ u Ä‘en cÅ©ng ráº¥t Ä‘áº¹p hÃ ng nguyÃªn seal",5,2021-11-27 17:04:53,13017662822
nguyetnga01011302,"Theo hÆ°á»›ng dáº«n cá»§a WHO: Uá»‘ng, ngÆ°á»i lá»›n vÃ  tráº» em trÃªn 6 thÃ¡ng tuá»•i: 4 mg/kg/ngÃ y trong 3 ngÃ y, cÃ¹ng vá»›i 1 liá»u duy nháº¥t mefloquin 15 mg/kg (hoáº·c Ä‘Ã´i khi 25 mg/kg náº¿u cáº§n) uá»‘ng vÃ o ngÃ y 2 hoáº·c 3 Ä‘á»ƒ Ä‘iá»u trá»‹ triá»‡t Ä‘á»ƒ. Náº¿u dÃ¹ng artesunat Ä‘Æ¡n Ä‘á»™c, 4 mg/kg vÃ o ngÃ y 1, sau Ä‘Ã³ 2 mg/kg/ngÃ y trong 6 ngÃ ",5,2021-11-24 15:26:16,13017662822
tu_chin_stories,QuÃ¡ oke luÃ´n nha mn. Giao hÃ ng nhanh tuy trÃºng 11/11 nhÆ°ng 16 cÃ³ hÃ ng. VÃ¬ tháº¥y lÆ°u kho máº¥y ngÃ y. Má»Ÿ ra team máº¡c Ä‘áº§y Ä‘á»§ nha,5,2021-11-17 01:32:34,13017662822
mizzu198x,"giao hÃ ng lÃ¢u á»©a, háº¿t 7 ngÃ y, há»™p dÃ¡n 2 tem fpt ráº¥t yÃªn tÃ¢m",5,2021-11-21 08:51:28,13017662822
hoangtungnt92,"Shopee giao hÃ ng quÃ¡ nhanh, Ä‘áº·t 2-3 hÃ´m lÃ  tá»›i tay. HÃ ng nguyÃªn sealx Ä‘áº§y Ä‘á»§ tem FPT TRADING. HÃ ng chuáº©n cÃ³ hoÃ¡ Ä‘Æ¡n Ä‘á»ƒ báº£o hÃ nh",5,2021-11-15 17:21:40,13017662822
k*****n,Sáº£n pháº©m tá»‘t. Giao hÃ ng nhanh. GiÃ¡ ráº» nháº¥t tháº¿ giá»›i. Mong shop cÃ³ nhiá»u chÆ°Æ¡ng trÃ¬nh Ä‘á»ƒ má»i ngÆ°á»i tráº£i nghiá»‡m. BÃªn ngoÃ i ráº¥t nhiá»u thÆ°Æ¡ng lÃ¡i bÃ¡n giÃ¡ trÃªn trá»i. Lá»£i dá»¥ng thá»i cÆ¡,5,2021-11-19 00:06:32,13017662822
whitecat1996,"MÃ¡y ngon , mÆ°á»£t , sang xá»‹n má»‹n , xá»©ng Ä‘Ã¡ng lÃ  flagship Ä‘áº§u báº£ng rá»“i cÃ²n gÃ¬ ná»¯a.",5,2021-11-22 08:45:09,13017662822
nguyenkim892341,Cháº¥t lÆ°á»£ng sáº£n pháº©m tuyá»‡t vá»i giao hÃ ng nhanh. shop tÆ° váº¥n tá»‘t. sáº½ á»§ng há»™ láº§n sau. jshsidj,5,2021-11-16 20:29:11,13017662822
nguyenkim892341,Cháº¥t lÆ°á»£ng sáº£n pháº©m tuyá»‡t vá»i giao hÃ ng nhanh. shop tÆ° váº¥n tá»‘t. sáº½ á»§ng há»™ láº§n sau. jdhdh,5,2021-11-16 20:29:42,13017662822
oanhngok,"Láº§n Ä‘áº§u mua hÃ ng giÃ¡ trá»‹ cao mÃ  chuyá»ƒn khoáº£n trÆ°á»›c mÃ¬nh cÅ©ng há»“i há»™p láº¯m, tháº¥t vá»ng vÃ¬ khÃ´ng cÃ³ tem niÃªm phong cá»§a FPT",4,2021-11-16 18:19:19,13017662822
dongtuvi20,"Giao hÃ ng nhanh
Cháº¥t lÆ°á»£ng tuyá»‡t vá»i 
MÃ u Ä‘áº¹p,nguyÃªn seal 
SÄƒn dc giÃ¡ sale 33.4 Ä‘Ãºng mÃ u thÃ­ch
Thanks shopâ¤ï¸",5,2021-11-18 10:35:28,13017662822
vn3216_08234,"HÃ ng chÃ­nh hÃ£ng, shop giao nhanh, sÄƒn sale giÃ¡ tá»‘t, mÃ  Ä‘c giao táº­n nhÃ  ná»¯a. CÃ¡m Æ¡n shop.",5,2021-11-16 17:45:36,13017662822
vmkad,"Chá» gáº§n 1 tuáº§n má»›i cÃ³ hÃ ng, canh sale nhanh láº¯m má»›i Ä‘Æ°á»£c nha mn, cháº¥t lÆ°á»£ng sáº£n pháº©m khá»i bÃ n luÃ´n quÃ¡ tuyá»‡t",5,2021-11-19 20:56:05,13017662822
chanbaek_614999999,"QuÃ¡ oke luÃ´n nha má»i ngÆ°á»i. Giao hÃ ng nhanh, test mÃ¡y ngon, mÆ°á»£t",5,2021-11-17 11:02:42,13017662822
a*****8,"HÃ ng xá»‹n giÃ¡ tá»‘t

Cháº¥t lÆ°á»£ng sáº£n pháº©m tuyá»‡t vá»i
ÄÃ³ng gÃ³i sáº£n pháº©m ráº¥t Ä‘áº¹p vÃ  cháº¯c cháº¯n",5,2021-11-17 15:12:39,13017662822
k*****r,"Mua Ä‘Æ°á»£c giÃ¡ tá»‘t mÃ  láº¡i Ä‘Æ°á»£c giao nhanh ná»¯a ! KhÃ´ng máº¯c hÆ¡n bao nhiÃªu so vá»›i báº£n 128GB.

ÄÃ³ng gÃ³i ráº¥t cáº©n tháº­n !

HÃ i lÃ²ng táº¥t cáº£ !",5,2021-10-25 08:58:53,13017662822
kimlinhh305,"Apple thÃ¬ mÃ£i Ä‘á»‰nh rá»“i, hÃ ng chÃ­nh hÃ£ng nha. MÃ¡y siÃªu xinh luÃ´n.",5,2021-11-16 10:15:42,13017662822
q*****g,"SÄƒn sale 11/11 giÃ¡ tá»‘t, hÃ ng chÃ­nh hÃ£ng VN/A, Ä‘Ã³ng gÃ³i cáº©n tháº­n. Shop nhanh gá»­i hoÃ¡ Ä‘Æ¡n Ä‘iá»‡n tá»­ cho mÃ¬nh nhÃ©! Thanks",5,2021-11-17 15:18:40,13017662822
whitecat1996,"MÃ¡y siÃªu ngon mÃ  giao thÃ¬ siÃªu cháº­m , trá»… dá»± kiáº¿n 1 ngÃ y dÃ i luÃ´n.",5,2021-11-16 08:55:32,13017662822
vn3216_08234,"HÃ ng chÃ­nh hÃ£ng, shop giao nhanh, sÄƒn sale giÃ¡ tá»‘t, mÃ  Ä‘c giao táº­n nhÃ  ná»¯a. CÃ¡m Æ¡n shop.",5,2021-11-16 17:46:12,13017662822
luccifer31,Cháº¥t lÆ°á»£ng sáº£n pháº©m tuyá»‡t vá»i! ÄÃ³ng gÃ³i cáº©n tháº­n! Váº­n chuyá»ƒn hÃ ng nhanh! Sáº½ á»§ng há»™ shop lÃ¢u dÃ i.ğŸ˜,5,2021-11-20 20:25:30,13017662822
whitecat1996,"Máº¡nh máº½ , nam tÃ­nh , sá»± lá»±a chá»n hoÃ n háº£o cho sá»­ dá»¥ng láº«n nhu cáº§u cÃ´ng viá»‡c.",5,2021-11-18 09:26:46,13017662822
leesangra,phÃª chá»¯ Ãª kÃ©o dÃ iii ğŸ˜ğŸ˜ğŸ˜ğŸ˜ship táº§m 4 5 ngÃ y lÃ  tá»›i ğŸ¥°ğŸ¥°ğŸ¥° Ä‘á»£i sale Ä‘á»£t tiáº¿p theo quáº¥t thÃªm máº¥y cÃ¡i ná»¯a ğŸ˜ğŸ˜,5,2021-11-18 17:33:29,13017662822
meobeo.beauty,"Ship nhanh, mÃ¡y Ä‘áº¹p, mÃ u Ä‘áº¹p, chá»¥p hÃ¬nh Ä‘áº¹p, nÃ³i chung ráº¥t Æ°ng",5,2021-11-16 13:21:19,13017662822
n*****1,HÃ ng chÃ­nh hÃ£ng ok nhÆ°ng shop giao quÃ¡ lÃ¢u. MÃ¬nh á»Ÿ Miá»n Nam mÃ  shop ship táº­n HÃ  Ná»™i. Äáº·t hÃ ng 10 ngÃ y má»›i cÃ³ ğŸ˜¢,3,2021-11-02 11:12:57,13017662822
rmej889niy,"HÃ ng chÃ­nh hÃ£ng, nguyÃªn seal giao nhanh vÃ  má»›i 100% cáº£m Æ¡n shopee Ä‘Ã£ mang Ä‘áº¿n tráº£i nghiá»‡m tuyá»‡t vá»i cho mÃ¬nh. Cáº£m Æ¡n J&T Express giao nhanh, an toÃ n vÃ  cáº©n tháº­n.",5,2021-10-27 17:56:40,13017662822
cuongharleyphan,"Shop giao hÃ ng nhanh, Ä‘Ã³ng gÃ³i cháº¯c cháº¯n. GiÃ¡ tá»‘t ko pháº£i cá»c.",5,2021-10-23 23:32:22,13017662822
vynguyen681,"Äáº·t hÃ ng sÃ¡ng 22/10 lÃºc 10h sÃ¡ng vÃ  chiá»u nay 23/10 Ä‘Ã£ nháº­n Ä‘Æ°á»£c BÃ© YÃªu 
CÆ°ng háº¿t sá»©c",5,2021-10-23 17:52:32,13017662822
whitecat1996,"MÃ¡y ngon hÃ ng ngon , sang xá»‹n má»‹n mÆ°á»£t , thÆ¡m mÃ¹i mÃ¡y má»›i.",5,2021-10-30 10:50:44,13017662822
m*****e,Äáº·t hÃ ng tá»‘i khuya 22/10 mÃ  sÃ¡ng 23 Ä‘Ã£ giao rá»“i. ÄÃ³ng gÃ³i cáº©n tháº­n láº¯m. MÃ¬nh canh mua sá»›m nÃªn giÃ¡ tá»‘t hÆ¡n máº¥y cá»­a hÃ ng á»Ÿ ngoÃ i â™¥ï¸,5,2021-10-23 17:14:18,13017662822
q*****_,mÃ¬nh mua há»™ nÃªn khÃ´ng cÃ³ hÃ¬nh áº£nh hay video nhÆ°ng cháº¯c cháº¥t lÆ°á»£ng tá»‘t Ä‘Ã³ng gÃ³i cáº©n tháº­n giao nhanh,5,2021-10-30 18:15:31,13017662822
lucyngo88,Ráº¥t hÃ i lÃ²ng vÃ  sáº½ tiáº¿p tá»¥c á»§ng há»™ Shopee. J&T giao hÃ ng cÅ©ng ráº¥t nhanh vÃ  nhiá»‡t tÃ¬nh.,5,2021-10-23 10:56:48,13017662822
doanh_minh,MÃ¬nh chá»‰ Ä‘Ã¡nh giÃ¡ Ä‘á»ƒ lan toáº£ niá»m vui Ä‘áº¿n cÃ¡c báº¡n thÃ´i chá»© iphone 13 á»Ÿ thá»i Ä‘iá»ƒm nÃ y mÃ  nháº­n Ä‘c hÃ ng ngay nhÆ° váº­y thÃ¬ cÃ²n gÃ¬ tuyá»‡t vá»i báº±ng.,5,2021-10-24 01:40:15,13017662822
loannguyen3890,ÄÃ£ nháº­n Ä‘c hÃ ng. Ship nhanh. HÃ ng cháº¥t lÆ°á»£ng,5,2021-12-22 09:12:44,13017662822
utnx.hvtc,,5,2021-10-25 16:35:10,13017662822
nghi1198,Giao cháº­m so vá»›i ngÃ y,5,2021-11-30 00:09:46,13017662822
k*****l,"Sáº£n pháº©m chÃ­nh hÃ£ng, chuáº©n. Tuy nhiÃªn chá» mÃ£i chÆ°a tháº¥y hÃ³a Ä‘Æ¡n",5,2021-12-23 15:32:00,13017662822
toanly92,Láº§n Ä‘áº§u mua hÃ ng giÃ¡ trá»‹ cao trÃªn máº¡ng mÃ  hÃ i lÃ²ng. Sau nÃ y cÃ³ cÆ¡ há»™i sáº½ mua há»™ tiáº¿p,5,2021-11-21 14:47:15,13017662822
ng.khanh94,"Ráº¥t Æ°ng Ã½ tá»« cÃ¡ch tÆ° váº¥n bÃ¡n hÃ ng Ä‘áº¿n cÃ¡ch Ä‘Ã³ng gÃ³i sáº£n pháº©m, ship thÃ¬ siÃªu nhanh luÃ´n, cÃ²n á»§ng há»™ ráº¥t nhiá»u láº§n ná»¯a !",5,2021-10-25 11:31:57,13017662822
quangtam90,"HÃ ng chÃ­nh hÃ£ng, mua 0h 22/10 sÃ¡ng 23/10 giao. ÄÃ¡ng ra giao trong ngÃ y Ä‘Æ°á»£c sáº½ tá»‘t hÆ¡n.
MÃ¡y Ä‘áº¹p, Ä‘Ã³ng gÃ³i cáº©n tháº­n, mua giÃ¡ tháº¥p hÆ¡n thá»‹ trÆ°á»ng mÃ  láº¡i ko cáº§n cá»c trÆ°á»›c, tháº­t lÃ  tuyá»‡t!",5,2021-10-23 21:17:32,13017662822
partykool,"Cáº£m Æ¡n ná»¯ hoÃ ng bÃ¡n tÃ¡o nhÃ©, nhÃ  a 3 Ä‘á»i dÃ¹ng iphone giÃ¡ ráº» lÃ  nhá» cÃ³ em My ğŸ¤£ğŸ˜",5,2021-12-12 13:55:54,13017662822
namu.193,Má»i cÃ¡c báº¡n qua fb mÃ¬nh mua Ä‘á»“ng há»“ chÃ­nh hÃ£ng cÃ¡c thÆ°Æ¡ng hiá»‡u ná»•i tiáº¿ng authentic nhÃ©. Xin cáº£m Æ¡n má»i ngÆ°á»i âœˆï¸âœˆï¸âœˆï¸,5,2021-12-04 15:51:47,13017662822
h*****0,"ChÃ­nh sÃ¡nh báº£o hÃ nh ráº¥t kÃ©m, coi thÆ°á»ng ngÆ°á»i dÃ¹ng Viá»‡t Nam, nÄƒm 2021 rá»“i mÃ  mua hÃ ng chÃ­nh hÃ£ng váº«n yÃªu cáº§u hÃ³a Ä‘Æ¡n má»›i Ä‘Æ°á»£c báº£o hÃ nh, trong khi bÃ¡n hÃ ng thÃ¬ khÃ´ng chá»‹u xuáº¥t hÃ³a Ä‘Æ¡n.",1,2021-11-23 09:40:49,13017662822
rafaelnguyen,Tráº§y tráº­t vá»¥ ship hÃ ng tá»‰nh 1 láº§n vá»›i J&T express. Cuá»‘i cÃ¹ng cÅ©ng nháº­n Ä‘c hÃ ng. Ai bá»‹ há»§y Ä‘Æ¡n do Shopee hay Ä‘á»‘i tÃ¡c váº­n chuyá»ƒn hÃ£y cá»© máº¡nh dáº¡n gá»­i mail yÃªu cáº§u Ä‘Ã²i quyá»n lá»£i Ä‘á»ƒ Ä‘c mua láº¡i nhÆ° giÃ¡ mÃ  mÃ¬nh Ä‘Ã£ sÄƒn sale nhÃ©!,5,2021-11-29 17:08:03,13017662822
tientran79,"HÃ ng hÆ° há»ng náº·ng.
Nháº­n hÃ ng thÃ¬ mÃ¬nh nháº¥n nÃºt â€œÄÃ£ nháº­n hÃ ngâ€, nhÃ¢n viÃªn shoppee báº¯t báº» mÃ¬nh lÃ  báº¥m nÃºt nháº­n hÃ ng lÃ  khÃ´ng Ä‘Æ°á»£c pháº£n há»“i sá»± cá»‘ mÃ¡y lá»—i trong khi mÃ¬nh báº¥m nÃºt â€œÄ‘Ã£ nháº­n hÃ ngâ€ thÃ¬ khÃ´ng há» cÃ³ má»™t pop up nÃ o lÆ°u Ã½ cho mÃ¬nh ráº±ng báº¥m Ä‘Ã£ nháº­n hÃ ng lÃ  khÃ´ng Ä‘Æ°á»£c pháº£n há»“i vá» hÃ ng hoÃ¡",1,2021-11-15 17:30:22,13017662822
mr.thanhseven,"Sáº£n pháº©m giao giá»‘ng vá»›i mÃ´ táº£, shopee Ä‘Ã³ng gÃ³i ká»¹, giao hÃ ng trong 4 ngÃ y ká»ƒ tá»« ngÃ y Ä‘áº·t hÃ ng thÃ nh cÃ´ng, sÄƒn sales nÃªn cÃ³ giÃ¡ tá»‘t so vá»›i bÃ¬nh thÆ°á»ng. Sáº£n pháº©m Ä‘Ãºng hÃ ng chÃ­nh hÃ£ng, Ä‘Ã£ check seri. Iphone 13 cÃ³ 2 máº·t cáº£i tiáº¿n chÃ­nh so vá»›i iphone 12 lÃ  cÃ³ mÃ n hÃ¬nh 120hz vÃ  thá»i lÆ°á»£ng pin lÃªn Ä‘áº¿n 4400.",5,2021-11-21 23:52:59,13017662822
namu.193,Má»i cÃ¡c báº¡n qua fb mÃ¬nh mua Ä‘á»“ng há»“ chÃ­nh hÃ£ng cÃ¡c thÆ°Æ¡ng hiá»‡u ná»•i tiáº¿ng authentic nhÃ©. Xin cáº£m Æ¡n má»i ngÆ°á»i âœˆï¸âœˆï¸âœˆï¸,5,2021-11-16 23:32:16,13017662822
t*****2,HÃ ng chinh hÃ£ng nguyÃªn seal apple vs tem niÃªm phong fpt. QuÃ¡ xá»‹n kakakakka,5,2021-11-25 01:18:24,13017662822
namu.193,Má»i cÃ¡c báº¡n qua fb mÃ¬nh mua Ä‘á»“ng há»“ chÃ­nh hÃ£ng cÃ¡c thÆ°Æ¡ng hiá»‡u ná»•i tiáº¿ng authentic nhÃ©. Xin cáº£m Æ¡n má»i ngÆ°á»i âœˆï¸âœˆï¸âœˆï¸,5,2021-11-16 23:33:51,13017662822
suminxx99999920,"Vá»«a tay Nam tay ná»¯ cáº§m to háº¿t máº·t :)) , mÆ°á»£t , Ä‘áº¹p ,ngon
NhÃ¢n viÃªn shop tÆ° váº¥n nhiá»‡t tÃ¬nh
( HÃ¬nh áº¢nh Mang TÃ­nh Cháº¥t Nháº­n XU cÃ  na )",5,2021-11-20 19:41:21,13017662822
g*****n,"HÃ ng nguyÃªn seal chÆ°a active, Ä‘Ã³ng gÃ³i sáº£n pháº©m ráº¥t cháº¯c cháº¯n ğŸ‘",5,2021-11-18 20:07:53,13017662822
chinhtran795,Chuáº©n hÃ ng vn tem fpt Ä‘áº§y Ä‘á»§. Giao hÃ ng Ä‘Ãºng háº¹n. GiÃ¡ tá»‘t. Shop uy tÃ­n. Sáº½ á»§ng há»™ thÃªm.,5,2021-11-17 17:12:59,13017662822
pigshop1505,"HÃ ng chÃ­nh hÃ£ng, J&T giao hÃ ng nhanh, nhiá»‡t tÃ¬nh ğŸ˜ğŸ˜ğŸ˜â¤ï¸â¤ï¸â¤ï¸â¤ï¸",5,2021-11-16 22:04:55,13017662822
anhle3493,HÃ ng chÃ­nh hÃ£ng. Giao hÃ ng há»— trá»£ nhiá»‡t tÃ¬nh láº¯m. Cáº£m Æ¡n shop!!!,5,2021-11-17 08:23:35,13017662822
nguyenluongphuong1986,"Chuáº©n ko cáº§n chá»‰nh.
Mua sale cá»§a shop ráº» dc 3 4trieu.
3 hÃ´m nháº­n Ä‘Æ°á»£c hÃ ng máº·c dÃ¹ á»Ÿ HN.
Tks shop nhiá»u.",5,2021-11-15 22:17:54,13017662822
ltvrh87nvg,"Giao hÃ ng khÃ¡ nhah , bá»c ráº¥t cáº©n tháº­n , mÃ¬nh ráº¥t Æ°ng Ã­ , cáº£m Æ¡n shop nhiá»u , shop há»— trá»£ khÃ¡ch hÃ ng nhiá»‡t tÃ¬nh",5,2021-11-14 13:35:48,13017662822
m*****m,"NÄƒm nay sÄƒn sale may máº¯n giáº£m Ä‘Æ°á»£c 4tr,ai thanh toÃ¡n tÃ­n dá»¥ng Ä‘Æ°á»£c giáº£m thÃªm 2tr. Ban Ä‘áº§u tÃ­nh mua mÃ u xanh báº£n 128gb nhÆ°ng háº¿t rá»“i nÃªn quáº¥t luÃ´n con tráº¯ng 256gb Ä‘áº¹p lung linh ngoÃ i mong Ä‘á»£i. Äáº·t 0h sÃ¡ng 22 Ä‘áº¿n 23/10 giao, sÄƒn sale khÃ´ng cáº§n sÄƒn voucher trÆ°á»›c nhÆ° máº¥y sÃ n TM khÃ¡c.Shopee quÃ¡ xuáº¥t sáº¯c!",5,2021-10-27 00:50:39,13017662822
n*****b,Shop giao hÃ ng chÃ¡n. ÄÃºng 1 tuáº§n má»›i cÃ³ hÃ ng. MÃ  Ä‘Æ¡n do chÃ­nh tay shopee xá»­ lÃ½ váº­y quÃ¡ kÃ©m. Pháº£i cÃ£i nhau qua láº¡i chÃ¡n chÃª vá»›i cskh shopee má»›i ship.,1,2021-11-04 00:24:27,13017662822
h*****9,"ÄÃ³ng gÃ³i cáº©n tháº­n , mÃ¡y vá» tay ká»‹p thá»i , ráº¥t Æ°ng sáº£n pháº©m cá»§a shop , sáº½ á»§ng há»™ shop lÃ¢u dÃ i",5,2021-11-14 13:45:00,13017662822
teezone.shopcl,SÄƒn Ä‘Æ°á»£c deal há»i nÃªn chá»‰ cÃ³ 32 triá»‡u. GiÃ¡ quÃ¡ ok so vá»›i hÃ ng chÃ­nh hÃ£ng,5,2021-10-28 15:50:18,13017662822
hanghieuxuatkhaustore,"11 mua 14 nháº­n Ä‘x hÃ ng . ráº¥t nhanh nhÆ°ng vÃ¬ sao sp cá»§a mÃ¬nh k cÃ³ niÃªm phong cá»§a FPT nhá»‰. 
Ä‘á»£i hoÃ¡ Ä‘Æ¡n Ä‘iá»‡n tá»­, mong lÃ  shop sá»›m gá»­i mÃ¬nh, 
mÃ¬nh mua giÃ¡ 33,8tr tuy k Ã¡p Ä‘c mÃ£ nhÆ°ng so vá»›i á»Ÿ ngoÃ i váº«n ráº» hÆ¡n",5,2021-11-23 02:08:39,13017662822
tqlan,"yÃªu cáº§u xuáº¥t hoÃ¡ Ä‘Æ¡n hÆ¡n 7 ngÃ y chÆ°a nháº­n Ä‘Æ°á»£c. LiÃªn láº¡c khÃ´ng thÃ¨m tráº£ lá»i. LiÃªn láº¡c shopee mall nháº­n Ä‘c tráº£ lá»i ""tá»± liÃªn láº¡c vá»›i apple Flagship store, shopee khÃ´ng há»— trÆ¡."" Muá»‘n báº£o hÃ nh SP pháº£i cÃ³ hoÃ¡ Ä‘Æ¡n theo quy Ä‘á»‹nh cá»§a apple.",1,2021-11-02 17:27:52,13017662822
dieuthiena_cm,"HÃ ng giao nhanh, mÃ¡y siÃªu siÃªu Ä‘áº¹p luÃ´n cÃ¡c bÃ¡c Æ¡i.
Thanh toÃ¡n báº±ng tháº» HSBC nÃªn Ä‘Æ°á»£c giáº£m thÃªm, giÃ¡ ráº¥t tá»‘t",5,2021-11-18 22:55:08,13017662822
nghi1198,ÄÃ³ng gÃ³i kÄ©,5,2021-11-15 18:46:32,13017662822
vuta12997,,5,2021-11-15 10:07:51,13017662822
haiha.1989,ÄÃ£ nháº­n Ä‘Æ°á»£c hÃ ng cá»§a shop. HÃ ng giao cÅ©ng nhanh nÆ°ac. Tks shop nhiá»u,5,2021-11-02 15:34:14,13017662822
namu.193,Má»i cÃ¡c báº¡n qua fb mÃ¬nh mua Ä‘á»“ng há»“ chÃ­nh hÃ£ng cÃ¡c thÆ°Æ¡ng hiá»‡u ná»•i tiáº¿ng authentic nhÃ©. Xin cáº£m Æ¡n má»i ngÆ°á»i âœˆï¸âœˆï¸âœˆï¸,5,2021-11-16 23:33:04,13017662822
6hinh,HÃ ng chÃ­nh hÃ£ng tem mÃ¡c Ä‘áº§y Ä‘á»§. Tiáº¿c k cÃ³ tai nge vÃ  cá»§ sáº¡c,5,2021-12-25 21:16:38,13017662822
focus75,"MÃ¡y cÃ²n nguyÃªn seal, Ä‘Ã£ active vÃ  hÃ i lÃ²ng vá»›i sáº£n pháº©m. Tuy nhiÃªn, dá»‹ch vá»¥ váº­n chuyá»ƒn hÆ¡i cháº­m. cáº§n cáº£i thiá»‡n",5,2021-12-20 08:46:18,13017662822
khanh1303,"San pham chinh chu, gia ca ok. Giao hang nhanh hon du kien. ï¿¼",5,2021-12-26 22:56:54,13017662822
ngocthiennguyen1982,,5,2021-12-19 11:57:18,13017662822
luccifer31,Cháº¥t lÆ°á»£ng sáº£n pháº©m tuyá»‡t vá»i! ÄÃ³ng gÃ³i cáº©n tháº­n! Váº­n chuyá»ƒn hÃ ng nhanh! Sáº½ á»§ng há»™ shop lÃ¢u dÃ i.ğŸ˜,5,2021-11-25 17:56:03,13017662822
phuocloclvf,"HÃ ng Ä‘Ãºng chÃ­nh hÃ£ng vn giao hÃ ng khÃ¡ nhanh vÃ  Ä‘Æ°á»£c giáº£m.giÃ¡ nhiá»u qua tháº» Standard , láº§n Ä‘áº§u tiÃªn mua mÃ³n hÃ ng lá»›n trÃªn shoppee",5,2021-11-01 11:12:48,13017662822
vietkhanh2008,"Sáº£n pháº©m cá»§a shop chuáº©n, chÃ­nh hÃ£ng, cÃ³ xuáº¥t hoÃ¡ Ä‘Æ¡n vat Ä‘áº§y Ä‘á»§. ÄÃ¡nh giÃ¡ shop 5 sao.",5,2021-10-30 10:56:29,13017662822
thunguyen555,"MÃ¬nh nháº­n Ä‘Æ°á»£c hÃ ng ngÃ y 27/10. Ko nhanh cÅ©ng ko quÃ¡ lÃ¢u.
ÄÃ³ng gÃ³i cáº©n tháº­n.",5,2021-10-28 14:33:09,13017662822
1vodycnymq,Giao hÃ ng lÃ¢u. Mua ngÃ y 22 mÃ  30 má»›i nháº­n Ä‘c á»Ÿ sÃ i gÃ²n. ChÆ°a tháº¥y hÃ³a Ä‘Æ¡n vat,3,2021-10-31 18:40:54,13017662822
vince.tran129,"GiÃ¡ tá»‘t, chá»n Ä‘Æ°á»£c mÃ u muá»‘n mua (cá»±c ká»³ nhanh má»›i Ä‘Æ°á»£c). Ráº¥t hÃ i lÃ²ng.",5,2021-10-23 12:47:43,13017662822
l*****s,"MÃ¡y Ä‘áº¹p, giao nhanh, VN/A nguyÃªn seal nhÃ© cÃ¡c bÃ¡c ğŸ˜—",5,2021-10-23 20:28:28,13017662822
s*****p,"ÄÃºng ra chá»‰ cÃ³ 1 sao vÃ¬ Ä‘áº·t hÃ ng xong khÃ´ng cÃ³ hÃ ng ship, há»©a háº¹n kÃ©o dÃ i nhÆ° Pre Order. Tuy nhiÃªn sau khi complain vá»›i CSKH cá»§a Shopee thÃ¬ Ä‘Ã£ cáº£i thiá»‡n giao 3-4 ngÃ y. Sáº£n pháº©m tá»‘t, chÃ­nh hÃ£ng, gÃ³i bá»c ká»¹.",4,2021-11-01 08:29:51,13017662822
t*****i,Mua 31tr bÃ¡n 41tr thÆ¡m quÃ¡,5,2021-10-23 10:45:47,13017662822
hong_rose_nguyen,,5,2022-01-07 15:30:39,13017662822
seatech9393,,5,2022-01-06 08:07:20,13017662822
n*****6,,5,2021-12-22 14:15:23,13017662822
iheaven115,,5,2021-12-26 11:04:17,13017662822
tieuson98,,5,2021-12-18 10:52:42,13017662822
seanlu0711,,5,2021-12-18 15:24:01,13017662822
ahih1d0ngoc1235,,5,2021-12-18 11:48:32,13017662822
nghi1198,,5,2021-12-15 19:59:39,13017662822
buiquyen1202,,5,2021-12-16 11:22:58,13017662822
seanlu0711,,5,2021-12-06 09:35:40,13017662822
trang51086,Sp ok,5,2021-12-01 23:31:04,13017662822
ngocthang.phan,,5,2021-12-03 13:45:06,13017662822
trinhchinh18101994,,5,2021-11-29 13:49:58,13017662822
chthanh2706,,5,2021-11-24 09:16:38,13017662822
pisentienphat,Conment Ä‘á»ƒ ngÆ°á»i ta biáº¿t mÃ¬nh cÃ³ tiá»n mua iphone ğŸ“±,1,2021-11-23 20:46:30,13017662822
5f5gzfedou,,5,2021-11-26 22:26:58,13017662822
cam_tu_cop,,5,2021-11-23 21:59:31,13017662822
doanduy1985,,5,2021-11-20 19:36:46,13017662822
v*****7,,5,2021-11-21 22:27:23,13017662822
buituoi20031997,,5,2021-11-26 16:07:12,13017662822
huongtruong58,,5,2021-11-25 22:10:07,13017662822
december.shop,,5,2021-11-17 14:30:23,13017662822
itprodhsp,,5,2021-11-18 00:13:09,13017662822
nhuoctrung,HÃ ng chÃ­nh hÃ£ng FPT,5,2021-11-23 21:46:04,13017662822
tapdoanbcs,,5,2021-11-26 09:45:52,13017662822
thutrananh,,5,2021-11-16 12:16:29,13017662822
divily,,5,2021-11-16 20:22:31,13017662822
daudo1707,,5,2021-11-16 22:24:45,13017662822
linhgiang19,,5,2021-11-16 09:28:09,13017662822
linhgiang19,,5,2021-11-16 09:27:31,13017662822
n*****0,"HÃ ng chuáº©n, nguyÃªn seal",5,2021-11-17 08:44:01,13017662822
nhien2010,HoÃ n háº£o ***,5,2021-11-16 23:58:21,13017662822
manhtoanbg11,,5,2021-11-19 21:42:06,13017662822
voltapaccazan,,5,2021-11-16 16:41:23,13017662822
minhhuy30082002,,5,2021-11-16 11:44:48,13017662822
supportbiker,,5,2021-11-17 11:50:03,13017662822
plhduong,"Ã€ giao Ä‘Ãºng rá»“i, cÃ¡m Æ¡n shop",5,2021-11-13 16:20:31,13017662822
soncd6,,5,2021-11-14 14:32:45,13017662822
kidaotac,,5,2021-11-15 01:13:18,13017662822
mrzin9119,,5,2021-11-15 16:39:35,13017662822
pin286,,5,2021-11-17 23:30:21,13017662822
yuumieeu,,5,2021-11-14 19:53:09,13017662822
vukimngan0910,,5,2021-11-14 17:31:40,13017662822
minhhoa.hp94,,5,2021-11-15 20:52:20,13017662822
tongngoctrang,,5,2021-11-14 13:30:03,13017662822
nguyenhong0803,,5,2021-11-16 16:07:57,13017662822
quankit98,,5,2021-11-14 12:52:22,13017662822
8ky9rips4k,,5,2021-11-16 12:38:09,13017662822
r05x541i3s,,5,2021-11-16 10:50:26,13017662822
quynhthule982,,5,2021-11-14 19:50:13,13017662822
thinhnguyen19xx,"Thá»i gian giao hÃ ng dá»± kiáº¿n cho sáº£n pháº©m nÃ y lÃ  tá»« 7-9 ngÃ y
 
 MiÃªu táº£ sáº£n pháº©m: 
  Sáº£n pháº©m hoÃ n toÃ n má»›i 100% vÃ  cháº¥t lÆ°á»£ng cao. 
  
 1. Miáº¿ng dÃ¡n bá»c webcam ráº¥t nhá» cho báº¡n sá»­ dá»¥ng trÃªn mÃ¡y tÃ­nh xÃ¡ch tay vÃ  cÃ¡c thiáº¿t bá»‹ di Ä‘á»™ng, v.v.
  2. Báº£o vá»‡ quyá»n riÃªng tÆ° cá»§a báº¡n khá»i giÃ¡n Ä‘iá»‡p webcam (lá»«a Ä‘",5,2021-11-08 00:08:18,13017662822
hienblackberry,,5,2021-11-06 23:18:21,13017662822
vuta12997,,5,2021-11-20 01:16:11,13017662822
daovu00,,5,2021-11-16 23:41:01,13017662822
j*****m,,5,2021-11-16 16:38:48,13017662822
habon.vn,,5,2021-11-15 09:54:08,13017662822
ngoc_giau,Xá»‹n xÃ² láº¯m luÃ´n. ğŸ‘ğŸ¼ğŸ‘ğŸ¼ğŸ‘ğŸ¼ğŸ‘ğŸ¼ğŸ‘ğŸ¼ğŸ‘ğŸ¼ğŸ‘ğŸ¼ğŸ‘ğŸ¼ğŸ‘ğŸ¼ğŸ‘ğŸ¼ğŸ‘ğŸ¼ğŸ‘ğŸ¼ğŸ‘ğŸ¼ğŸ‘ğŸ¼ğŸ‘ğŸ¼ğŸ‘ğŸ¼ğŸ‘ğŸ¼ğŸ‘ğŸ¼ğŸ‘ğŸ¼ğŸ‘ğŸ¼ğŸ‘ğŸ¼,5,2021-11-18 09:38:39,13017662822
long557,,5,2021-11-14 13:00:26,13017662822
duydinh220899,10 Ä‘iá»ƒm,5,2021-11-14 12:44:24,13017662822
longngo7777,,5,2021-11-14 19:23:18,13017662822
mucatona,,5,2021-11-17 14:31:45,13017662822
huyenhuyen_2111,,5,2021-11-17 15:26:59,13017662822
anhnv1805,,5,2021-11-14 14:50:10,13017662822
quankit98,,5,2021-11-14 12:52:41,13017662822
hkpbtk,,5,2021-11-14 09:15:36,13017662822
tipawxuvzs,,5,2021-11-14 14:01:55,13017662822
d*****3,,5,2021-11-14 12:43:13,13017662822
pkzinstore,Ok,5,2021-11-11 16:03:30,13017662822
vn9148_26531,,5,2021-10-31 21:25:11,13017662822
lynkstyle1,,5,2021-11-01 17:47:58,13017662822
vangphung112,,5,2021-11-08 02:38:12,13017662822
laithidung85,,5,2021-11-02 16:24:25,13017662822
dotiendat2994,Vbvcbhghhghhghjhggjhfjjgffhjhgfdfgjjgffhuhfdfghhgff,5,2021-11-14 16:51:27,13017662822
lyn.oc,,5,2021-10-29 07:31:03,13017662822
luong_huu_duc_86,,5,2021-10-28 10:28:56,13017662822
hieuminvn,Oki ğŸ‘Œ,5,2021-11-01 10:58:05,13017662822
d*****7,,5,2021-10-27 21:19:32,13017662822
b*****r,,5,2021-10-23 12:16:52,13017662822
vukimngan0910,,5,2021-10-25 11:57:25,13017662822
tunglam12194,,5,2021-11-02 08:10:48,13017662822
bongbang111222,,5,2021-10-27 10:10:03,13017662822
trong10296,,5,2021-10-31 23:41:23,13017662822
phan_huynh_bao,,5,2021-10-23 17:56:58,13017662822
soncd6,,5,2021-10-27 01:07:47,13017662822
gao_ngon88,,5,2021-10-27 21:34:29,13017662822
lekry08,,5,2021-10-26 13:47:07,13017662822
huynhthienlam19022,,5,2021-10-26 21:35:41,13017662822
testmyluck,Giao hÆ¡i cháº­m..hÃ ng á»•n,5,2021-10-30 23:30:04,13017662822
hhlinhh29,,5,2021-10-23 18:20:46,13017662822
trantuanlan9999,,5,2021-11-02 15:00:17,13017662822
nguyenmaiphuong3112,Fyyyvvuubui ctut7xrxixtcyccycyc5d5d cyv6vyyfyctcycd6dd,5,2021-10-26 11:31:49,13017662822
a*****t,,5,2021-10-25 21:01:23,13017662822
yenphung92st,,5,2021-10-25 12:51:18,13017662822
huyenoc.99,,5,2021-10-25 18:51:46,13017662822
jtl6hinz70,,5,2021-10-24 12:35:17,13017662822
